order_id,order_date,delivery_date,promised_delivery_date,shipping_cost,delivery_status,region,order_value,delay_days,route_id,supplier_id,carrier_id,delay_days_calc,is_late,high_value,delivery_time,cost_per_day,origin,destination,distance,avg_delivery_time,cost_per_unit,lead_time,defect_rate,cost_per_km,on_time_rate
1,2024-01-27,2024-02-01,2024-02-03,1771.53,Delivered,West,7425.1,-2.0,2.0,9.0,1.0,-2.0,False,True,5.0,354.306,Mumbai,Hyderabad,758.5,13.9,104.92,,0.05,,0.96
2,2024-03-24,2024-03-30,2024-03-27,786.73,Delayed,North,3310.21,3.0,1.0,8.0,1.0,3.0,True,False,6.0,131.12166666666667,Pune,Jaipur,949.0,23.4,357.9,10.0,0.044,,0.96
3,2024-08-08,2024-08-19,2024-08-18,644.44,Delayed,North,2025.17,,17.0,4.0,9.0,1.0,True,False,11.0,58.58545454545455,Bangalore,Ahmedabad,496.2,11.2,323.4,10.0,0.017,16.58,0.76
4,2024-11-26,2024-12-10,2024-12-05,1423.16,Delayed,North,5314.42,5.0,16.0,7.0,1.0,5.0,True,False,14.0,101.65428571428572,Bangalore,Lucknow,631.3,12.0,187.08,7.0,0.01,,0.96
5,2024-12-02,2024-12-08,2024-12-09,1826.73,Delivered,West,,-1.0,15.0,13.0,4.0,-1.0,False,False,6.0,304.455,Delhi,,282.5,6.3,296.02,10.0,0.018,10.83,0.78
6,2024-06-29,2024-07-08,2024-07-05,1115.46,Delayed,South,3750.17,3.0,10.0,13.0,4.0,3.0,True,False,9.0,123.94,Bangalore,,962.8,20.5,296.02,10.0,0.018,10.83,0.78
7,2024-08-15,2024-08-28,2024-08-24,,Delayed,Central,4059.75,4.0,9.0,11.0,7.0,4.0,True,False,13.0,,,Ahmedabad,659.2,15.7,166.45,,0.066,,0.92
8,2024-06-30,2024-07-02,2024-07-04,1743.59,Delivered,Central,5259.02,,3.0,11.0,6.0,-2.0,False,False,2.0,871.795,Kolkata,Jaipur,,19.2,166.45,,0.066,9.21,0.85
9,2024-06-27,2024-06-29,2024-06-30,1254.24,Delivered,West,5761.45,-1.0,5.0,4.0,1.0,-1.0,False,False,2.0,627.12,Kolkata,Hyderabad,729.8,13.4,323.4,10.0,0.017,,0.96
10,2024-12-01,2024-12-11,2024-12-08,1041.08,Delayed,North,2904.31,3.0,4.0,13.0,7.0,3.0,True,False,10.0,104.10799999999999,Delhi,Hyderabad,1256.9,28.1,296.02,10.0,0.018,,0.92
11,2024-12-30,2025-01-10,2025-01-09,923.63,Delayed,West,2772.3,1.0,11.0,9.0,6.0,1.0,True,False,11.0,83.96636363636364,Delhi,Indore,661.0,13.4,104.92,,0.05,9.21,0.85
12,2024-10-18,2024-10-24,2024-10-26,1849.72,Delivered,North,4533.9,-2.0,11.0,1.0,2.0,-2.0,False,False,6.0,308.2866666666667,Delhi,Indore,661.0,13.4,255.23,7.0,0.079,,0.75
13,2024-10-16,2024-10-20,2024-10-22,1152.57,Delivered,East,4149.66,,5.0,13.0,3.0,-2.0,False,False,4.0,288.1425,Kolkata,Hyderabad,729.8,13.4,296.02,10.0,0.018,5.68,0.79
14,2024-05-11,2024-05-23,2024-05-21,243.23,Delayed,Central,701.8,2.0,5.0,1.0,10.0,2.0,True,False,12.0,20.269166666666667,Kolkata,Hyderabad,729.8,13.4,255.23,7.0,0.079,5.08,0.93
15,2024-01-27,2024-02-08,2024-02-04,1055.31,Delayed,North,2919.46,4.0,12.0,8.0,4.0,4.0,True,False,12.0,87.9425,Chennai,Jaipur,660.3,12.9,357.9,10.0,0.044,10.83,0.78
16,2024-07-11,2024-07-17,2024-07-18,1871.19,Delivered,North,8415.04,-1.0,10.0,5.0,10.0,-1.0,False,True,6.0,311.865,Bangalore,,962.8,20.5,79.27,5.0,0.095,5.08,0.93
17,2024-06-01,2024-06-09,2024-06-05,537.98,Delayed,Central,1886.89,4.0,15.0,8.0,6.0,4.0,True,False,8.0,67.2475,Delhi,,282.5,6.3,357.9,10.0,0.044,9.21,0.85
18,2024-05-20,2024-05-25,2024-05-28,521.08,Delivered,South,1113.92,,5.0,1.0,9.0,-3.0,False,False,5.0,104.21600000000001,Kolkata,Hyderabad,729.8,13.4,255.23,7.0,0.079,16.58,0.76
19,2024-01-17,2024-02-01,2024-01-27,1375.72,Delayed,North,6395.09,5.0,10.0,15.0,6.0,5.0,True,True,15.0,91.71466666666667,Bangalore,,962.8,20.5,472.77,5.0,0.089,9.21,0.85
20,2024-05-25,2024-06-02,2024-05-30,1376.39,Delayed,Central,3787.4,,,4.0,,3.0,True,False,8.0,172.04875,,,,,323.4,10.0,0.017,,
21,2024-06-04,2024-06-18,2024-06-14,1622.56,Delayed,East,3706.7,4.0,20.0,5.0,9.0,4.0,True,False,14.0,115.89714285714285,Bangalore,Indore,376.3,7.0,79.27,5.0,0.095,16.58,0.76
22,2024-08-17,2024-08-18,2024-08-21,2138.64,Delivered,South,7474.6,-3.0,12.0,3.0,4.0,-3.0,False,True,1.0,2138.64,Chennai,Jaipur,660.3,12.9,316.59,3.0,0.005,10.83,0.78
23,2024-02-07,2024-02-13,2024-02-16,1838.69,Delivered,West,2828.54,-3.0,2.0,4.0,7.0,-3.0,False,False,6.0,306.4483333333333,Mumbai,Hyderabad,758.5,13.9,323.4,10.0,0.017,,0.92
24,2024-12-09,2024-12-17,2024-12-17,1566.46,Delivered,North,5175.95,0.0,15.0,4.0,7.0,0.0,False,False,8.0,195.8075,Delhi,,282.5,6.3,323.4,10.0,0.017,,0.92
25,2024-09-11,2024-09-15,2024-09-14,1833.86,Delayed,West,3644.39,1.0,5.0,15.0,9.0,1.0,True,False,4.0,458.465,Kolkata,Hyderabad,729.8,13.4,472.77,5.0,0.089,16.58,0.76
26,2024-04-19,2024-04-25,2024-04-28,875.1,Delivered,South,1636.48,-3.0,19.0,12.0,4.0,-3.0,False,False,6.0,145.85,Kolkata,Indore,527.6,11.8,190.27,7.0,0.052,10.83,0.78
27,2024-03-12,2024-03-14,2024-03-15,968.29,Delivered,South,4125.8,,,8.0,4.0,-1.0,False,False,2.0,484.145,,,,,357.9,10.0,0.044,10.83,0.78
28,2024-12-22,2024-12-25,2024-12-26,647.83,Delivered,North,2487.16,-1.0,7.0,4.0,6.0,-1.0,False,False,3.0,215.94333333333336,,Jaipur,1273.8,23.1,323.4,10.0,0.017,9.21,0.85
29,2024-12-08,2024-12-19,2024-12-17,,Delayed,Central,3424.19,2.0,3.0,4.0,3.0,2.0,True,False,11.0,,Kolkata,Jaipur,,19.2,323.4,10.0,0.017,5.68,0.79
30,2024-11-24,2024-12-04,2024-12-01,1614.34,Delayed,North,7938.97,3.0,5.0,15.0,,3.0,True,True,10.0,161.434,Kolkata,Hyderabad,729.8,13.4,472.77,5.0,0.089,,
31,2024-09-16,2024-09-20,2024-09-19,321.05,Delayed,North,571.34,1.0,15.0,12.0,9.0,1.0,True,False,4.0,80.2625,Delhi,,282.5,6.3,190.27,7.0,0.052,16.58,0.76
32,2024-07-02,2024-07-15,2024-07-11,1140.88,Delayed,North,2842.56,4.0,6.0,5.0,3.0,4.0,True,False,13.0,87.76,Chennai,Hyderabad,729.8,14.9,79.27,5.0,0.095,5.68,0.79
33,2024-12-31,2025-01-05,2025-01-04,1134.07,Delayed,North,2182.4,1.0,9.0,5.0,10.0,1.0,True,False,5.0,226.814,,Ahmedabad,659.2,15.7,79.27,5.0,0.095,5.08,0.93
34,2024-03-02,2024-03-11,2024-03-10,1284.84,Delayed,East,5521.43,1.0,10.0,4.0,,1.0,True,False,9.0,142.76,Bangalore,,962.8,20.5,323.4,10.0,0.017,,
35,2024-07-02,2024-07-06,2024-07-07,1121.99,Delivered,South,3204.36,-1.0,1.0,3.0,2.0,-1.0,False,False,4.0,280.4975,Pune,Jaipur,949.0,23.4,316.59,3.0,0.005,,0.75
36,2024-07-18,2024-07-23,2024-07-25,849.43,Delivered,Central,3871.68,-2.0,9.0,11.0,4.0,-2.0,False,False,5.0,169.886,,Ahmedabad,659.2,15.7,166.45,,0.066,10.83,0.78
37,2024-06-22,2024-06-24,2024-06-25,,Delivered,South,2896.16,-1.0,7.0,7.0,3.0,-1.0,False,False,2.0,,,Jaipur,1273.8,23.1,187.08,7.0,0.01,5.68,0.79
38,2024-02-02,2024-02-18,2024-02-12,,Delayed,Central,10946.46,6.0,14.0,6.0,4.0,6.0,True,True,16.0,,Delhi,Jaipur,226.0,4.2,484.53,14.0,0.081,10.83,0.78
39,2024-12-25,2024-12-28,2024-12-28,2365.98,Delivered,South,9140.31,0.0,4.0,1.0,8.0,0.0,False,True,3.0,788.66,Delhi,Hyderabad,1256.9,28.1,255.23,7.0,0.079,6.12,0.98
40,2024-07-26,2024-08-02,2024-08-04,1304.41,Delivered,West,2355.23,-2.0,5.0,11.0,6.0,-2.0,False,False,7.0,186.34428571428572,Kolkata,Hyderabad,729.8,13.4,166.45,,0.066,9.21,0.85
41,2024-04-04,2024-04-05,2024-04-08,1597.49,Delivered,East,,-3.0,20.0,10.0,4.0,-3.0,False,False,1.0,1597.49,Bangalore,Indore,376.3,7.0,65.47,7.0,0.091,10.83,0.78
42,2024-05-31,2024-06-12,2024-06-10,,Delayed,North,1422.2,2.0,19.0,11.0,6.0,2.0,True,False,12.0,,Kolkata,Indore,527.6,11.8,166.45,,0.066,9.21,0.85
43,2024-09-08,2024-09-19,2024-09-16,861.49,Delayed,East,3292.22,3.0,20.0,10.0,3.0,3.0,True,False,11.0,78.31727272727272,Bangalore,Indore,376.3,7.0,65.47,7.0,0.091,5.68,0.79
44,2024-04-28,2024-05-10,2024-05-08,1095.58,Delayed,Central,2852.41,2.0,9.0,8.0,2.0,2.0,True,False,12.0,91.29833333333333,,Ahmedabad,659.2,15.7,357.9,10.0,0.044,,0.75
45,2024-03-14,2024-03-19,2024-03-22,2179.14,Delivered,East,4338.8,-3.0,13.0,3.0,4.0,-3.0,False,False,5.0,435.828,Kolkata,,872.6,18.5,316.59,3.0,0.005,10.83,0.78
46,2024-01-03,2024-01-12,2024-01-13,,Delivered,East,1730.58,-1.0,15.0,7.0,8.0,-1.0,False,False,9.0,,Delhi,,282.5,6.3,187.08,7.0,0.01,6.12,0.98
47,2024-12-22,2024-12-28,2024-12-26,1259.28,Delayed,Central,3843.24,,,6.0,4.0,2.0,True,False,6.0,209.88,,,,,484.53,14.0,0.081,10.83,0.78
48,2024-10-28,2024-11-05,2024-11-05,2465.34,Delivered,West,3979.83,0.0,16.0,14.0,,0.0,False,False,8.0,308.1675,Bangalore,Lucknow,631.3,12.0,486.31,10.0,0.078,,
49,2024-07-01,2024-07-06,2024-07-08,1346.76,Delivered,North,3651.03,-2.0,5.0,1.0,9.0,-2.0,False,False,5.0,269.352,Kolkata,Hyderabad,729.8,13.4,255.23,7.0,0.079,16.58,0.76
50,2024-04-03,2024-04-11,2024-04-11,1570.95,Delivered,North,4165.87,0.0,13.0,9.0,2.0,0.0,False,False,8.0,196.36875,Kolkata,,872.6,18.5,104.92,,0.05,,0.75
51,2024-04-07,2024-04-09,2024-04-11,389.51,Delivered,Central,1159.91,-2.0,14.0,12.0,,-2.0,False,False,2.0,194.755,Delhi,Jaipur,226.0,4.2,190.27,7.0,0.052,,
52,2024-06-19,2024-06-29,2024-06-27,2083.22,Delayed,West,3584.96,2.0,15.0,6.0,,2.0,True,False,10.0,208.32199999999997,Delhi,,282.5,6.3,484.53,14.0,0.081,,
53,2024-11-05,2024-11-17,2024-11-15,1547.34,Delayed,West,3547.07,2.0,,3.0,4.0,2.0,True,False,12.0,128.945,,,,,316.59,3.0,0.005,10.83,0.78
54,2024-03-24,2024-04-03,2024-03-30,1408.16,Delayed,East,4489.33,4.0,15.0,5.0,5.0,4.0,True,False,10.0,140.816,Delhi,,282.5,6.3,79.27,5.0,0.095,17.43,0.8
55,2024-11-08,2024-11-19,2024-11-16,922.63,Delayed,South,3212.42,3.0,2.0,7.0,8.0,3.0,True,False,11.0,83.87545454545455,Mumbai,Hyderabad,758.5,13.9,187.08,7.0,0.01,6.12,0.98
56,2024-03-30,2024-04-08,2024-04-05,829.89,Delayed,Central,3591.77,3.0,18.0,8.0,3.0,3.0,True,False,9.0,92.21,Pune,Indore,894.3,21.6,357.9,10.0,0.044,5.68,0.79
57,2024-06-04,2024-06-12,2024-06-13,1100.85,Delivered,Central,2268.94,-1.0,7.0,10.0,5.0,-1.0,False,False,8.0,137.60625,,Jaipur,1273.8,23.1,65.47,7.0,0.091,17.43,0.8
58,2024-04-02,2024-04-09,2024-04-07,1735.12,Delayed,North,6383.98,2.0,4.0,6.0,3.0,2.0,True,True,7.0,247.8742857142857,Delhi,Hyderabad,1256.9,28.1,484.53,14.0,0.081,5.68,0.79
59,2024-09-25,2024-10-04,2024-09-28,2201.1,Delayed,North,8363.63,6.0,5.0,5.0,3.0,6.0,True,True,9.0,244.56666666666666,Kolkata,Hyderabad,729.8,13.4,79.27,5.0,0.095,5.68,0.79
60,2024-06-08,2024-06-20,2024-06-17,1325.01,Delayed,Central,5352.16,3.0,7.0,12.0,8.0,3.0,True,False,12.0,110.4175,,Jaipur,1273.8,23.1,190.27,7.0,0.052,6.12,0.98
61,2024-04-11,2024-04-21,2024-04-16,1706.35,Delayed,East,3566.84,5.0,4.0,3.0,8.0,5.0,True,False,10.0,170.635,Delhi,Hyderabad,1256.9,28.1,316.59,3.0,0.005,6.12,0.98
62,2024-11-22,2024-12-04,2024-11-28,1506.25,Delayed,North,4535.78,6.0,9.0,5.0,3.0,6.0,True,False,12.0,125.52083333333333,,Ahmedabad,659.2,15.7,79.27,5.0,0.095,5.68,0.79
63,2024-02-16,2024-03-01,2024-02-25,1599.77,Delayed,South,4093.38,5.0,11.0,7.0,2.0,5.0,True,False,14.0,114.26928571428572,Delhi,Indore,661.0,13.4,187.08,7.0,0.01,,0.75
64,2024-03-06,2024-03-20,2024-03-16,1719.25,Delayed,West,7697.84,4.0,12.0,2.0,6.0,4.0,True,True,14.0,122.80357142857143,Chennai,Jaipur,660.3,12.9,139.85,3.0,0.051,9.21,0.85
65,2024-02-17,2024-02-18,2024-02-21,2121.62,Delivered,South,7963.99,-3.0,15.0,3.0,6.0,-3.0,False,True,1.0,2121.62,Delhi,,282.5,6.3,316.59,3.0,0.005,9.21,0.85
66,2024-12-11,2024-12-20,2024-12-17,,Delayed,South,839.57,3.0,12.0,13.0,7.0,3.0,True,False,9.0,,Chennai,Jaipur,660.3,12.9,296.02,10.0,0.018,,0.92
67,2024-04-25,2024-04-30,2024-05-01,1932.84,Delivered,North,9412.92,-1.0,20.0,12.0,,-1.0,False,True,5.0,386.568,Bangalore,Indore,376.3,7.0,190.27,7.0,0.052,,
68,2024-05-12,2024-05-18,2024-05-17,684.8,Delayed,North,1464.23,1.0,6.0,3.0,5.0,1.0,True,False,6.0,114.13333333333333,Chennai,Hyderabad,729.8,14.9,316.59,3.0,0.005,17.43,0.8
69,2024-08-02,2024-08-11,2024-08-09,566.14,Delayed,East,2421.95,,15.0,5.0,6.0,2.0,True,False,9.0,62.904444444444444,Delhi,,282.5,6.3,79.27,5.0,0.095,9.21,0.85
70,2024-09-03,2024-09-03,2024-09-06,1473.9,Delivered,West,3444.65,-3.0,4.0,1.0,10.0,-3.0,False,False,0.0,inf,Delhi,Hyderabad,1256.9,28.1,255.23,7.0,0.079,5.08,0.93
71,2024-03-08,2024-03-14,2024-03-14,329.71,Delivered,East,517.5,0.0,18.0,9.0,5.0,0.0,False,False,6.0,54.95166666666666,Pune,Indore,894.3,21.6,104.92,,0.05,17.43,0.8
72,2024-11-28,2024-12-09,2024-12-04,2224.78,Delayed,South,8182.1,5.0,,15.0,5.0,5.0,True,True,11.0,202.2527272727273,,,,,472.77,5.0,0.089,17.43,0.8
73,2024-07-19,2024-07-26,2024-07-27,,Delivered,Central,3797.45,,8.0,2.0,1.0,-1.0,False,False,7.0,,Chennai,Ahmedabad,1030.2,22.6,139.85,3.0,0.051,,0.96
74,2024-10-16,2024-10-25,2024-10-19,1836.2,Delayed,Central,5265.44,6.0,4.0,4.0,5.0,6.0,True,False,9.0,204.02222222222224,Delhi,Hyderabad,1256.9,28.1,323.4,10.0,0.017,17.43,0.8
75,2024-04-13,2024-04-22,2024-04-21,138.71,Delayed,Central,655.95,1.0,9.0,8.0,10.0,1.0,True,False,9.0,15.412222222222223,,Ahmedabad,659.2,15.7,357.9,10.0,0.044,5.08,0.93
76,2024-03-09,2024-03-17,2024-03-14,1526.64,Delayed,Central,6245.97,3.0,16.0,4.0,4.0,3.0,True,True,8.0,190.83,Bangalore,Lucknow,631.3,12.0,323.4,10.0,0.017,10.83,0.78
77,2024-05-06,2024-05-14,2024-05-15,1436.28,Delivered,South,6772.31,-1.0,7.0,2.0,10.0,-1.0,False,True,8.0,179.535,,Jaipur,1273.8,23.1,139.85,3.0,0.051,5.08,0.93
78,2024-12-08,2024-12-13,2024-12-13,481.5,Delivered,South,812.79,0.0,13.0,15.0,5.0,0.0,False,False,5.0,96.3,Kolkata,,872.6,18.5,472.77,5.0,0.089,17.43,0.8
79,2024-08-04,2024-08-11,2024-08-09,467.37,Delayed,North,1069.86,2.0,2.0,7.0,8.0,2.0,True,False,7.0,66.76714285714286,Mumbai,Hyderabad,758.5,13.9,187.08,7.0,0.01,6.12,0.98
80,2024-11-15,2024-11-21,2024-11-18,1769.27,Delayed,North,3042.08,3.0,11.0,15.0,4.0,3.0,True,False,6.0,294.87833333333333,Delhi,Indore,661.0,13.4,472.77,5.0,0.089,10.83,0.78
81,2024-04-21,2024-05-03,2024-05-01,865.04,Delayed,East,2970.81,2.0,16.0,10.0,10.0,2.0,True,False,12.0,72.08666666666666,Bangalore,Lucknow,631.3,12.0,65.47,7.0,0.091,5.08,0.93
82,2024-06-28,2024-07-01,2024-07-02,1760.73,Delivered,Central,8281.52,-1.0,18.0,4.0,2.0,-1.0,False,True,3.0,586.91,Pune,Indore,894.3,21.6,323.4,10.0,0.017,,0.75
83,2024-05-03,2024-05-06,2024-05-09,1430.52,Delivered,North,5557.26,-3.0,4.0,15.0,2.0,-3.0,False,False,3.0,476.84,Delhi,Hyderabad,1256.9,28.1,472.77,5.0,0.089,,0.75
84,2024-12-20,2024-12-29,2024-12-29,1033.48,Delivered,North,2880.39,0.0,20.0,7.0,2.0,0.0,False,False,9.0,114.83111111111111,Bangalore,Indore,376.3,7.0,187.08,7.0,0.01,,0.75
85,2024-08-30,2024-09-08,2024-09-08,2320.32,Delivered,Central,7730.73,0.0,1.0,12.0,6.0,0.0,False,True,9.0,257.81333333333333,Pune,Jaipur,949.0,23.4,190.27,7.0,0.052,9.21,0.85
86,2024-10-23,2024-10-31,2024-10-30,2120.01,Delayed,East,3647.25,1.0,3.0,9.0,7.0,1.0,True,False,8.0,265.00125,Kolkata,Jaipur,,19.2,104.92,,0.05,,0.92
87,2024-03-05,2024-03-14,2024-03-15,957.75,Delivered,Central,4061.75,-1.0,20.0,9.0,6.0,-1.0,False,False,9.0,106.41666666666667,Bangalore,Indore,376.3,7.0,104.92,,0.05,9.21,0.85
88,2024-03-27,2024-04-02,2024-04-02,204.62,Delivered,Central,868.04,0.0,16.0,4.0,4.0,0.0,False,False,6.0,34.10333333333333,Bangalore,Lucknow,631.3,12.0,323.4,10.0,0.017,10.83,0.78
89,2024-09-30,2024-10-12,2024-10-07,831.44,Delayed,East,2968.31,5.0,4.0,3.0,7.0,5.0,True,False,12.0,69.28666666666668,Delhi,Hyderabad,1256.9,28.1,316.59,3.0,0.005,,0.92
90,2024-03-03,2024-03-09,2024-03-10,1055.65,Delivered,Central,4546.04,,19.0,6.0,7.0,-1.0,False,False,6.0,175.9416666666667,Kolkata,Indore,527.6,11.8,484.53,14.0,0.081,,0.92
91,2024-09-25,2024-10-06,2024-10-04,1791.9,Delayed,South,5355.31,2.0,,4.0,9.0,2.0,True,False,11.0,162.9,,,,,323.4,10.0,0.017,16.58,0.76
92,2024-03-27,,2024-04-03,2488.86,Delivered,North,6464.81,-1.0,8.0,12.0,3.0,,False,True,,,Chennai,Ahmedabad,1030.2,22.6,190.27,7.0,0.052,5.68,0.79
93,2024-04-23,2024-05-06,2024-05-03,954.2,Delayed,West,2002.52,3.0,2.0,4.0,8.0,3.0,True,False,13.0,73.4,Mumbai,Hyderabad,758.5,13.9,323.4,10.0,0.017,6.12,0.98
94,2024-03-13,2024-03-28,2024-03-22,1930.11,Delayed,Central,3329.17,6.0,1.0,3.0,3.0,6.0,True,False,15.0,128.674,Pune,Jaipur,949.0,23.4,316.59,3.0,0.005,5.68,0.79
95,2024-09-22,2024-09-22,2024-09-25,1523.62,Delivered,Central,6974.09,-3.0,17.0,3.0,8.0,-3.0,False,True,0.0,inf,Bangalore,Ahmedabad,496.2,11.2,316.59,3.0,0.005,6.12,0.98
96,2024-11-21,2024-12-06,2024-11-30,1760.08,Delayed,South,6529.69,6.0,18.0,4.0,3.0,6.0,True,True,15.0,117.33866666666667,Pune,Indore,894.3,21.6,323.4,10.0,0.017,5.68,0.79
97,2024-09-11,2024-09-22,2024-09-21,462.71,Delayed,South,2049.72,1.0,19.0,6.0,4.0,1.0,True,False,11.0,42.06454545454545,Kolkata,Indore,527.6,11.8,484.53,14.0,0.081,10.83,0.78
98,2024-12-04,2024-12-10,2024-12-13,1057.3,Delivered,Central,4415.92,-3.0,20.0,8.0,4.0,-3.0,False,False,6.0,176.21666666666667,Bangalore,Indore,376.3,7.0,357.9,10.0,0.044,10.83,0.78
99,2024-06-26,2024-06-30,2024-06-30,678.05,Delivered,South,1486.14,0.0,17.0,4.0,7.0,0.0,False,False,4.0,169.5125,Bangalore,Ahmedabad,496.2,11.2,323.4,10.0,0.017,,0.92
100,2024-01-03,2024-01-15,2024-01-10,924.29,Delayed,East,2229.43,5.0,,7.0,10.0,5.0,True,False,12.0,77.02416666666666,,,,,187.08,7.0,0.01,5.08,0.93
101,2024-09-10,2024-09-18,2024-09-19,1331.51,Delivered,East,6491.64,-1.0,14.0,6.0,1.0,-1.0,False,True,8.0,166.43875,Delhi,Jaipur,226.0,4.2,484.53,14.0,0.081,,0.96
102,2024-11-06,2024-11-10,2024-11-10,1699.9,Delivered,West,4394.49,0.0,19.0,9.0,8.0,0.0,False,False,4.0,424.975,Kolkata,Indore,527.6,11.8,104.92,,0.05,6.12,0.98
103,2024-07-18,2024-07-19,2024-07-21,354.18,Delivered,Central,1201.2,-2.0,9.0,9.0,9.0,-2.0,False,False,1.0,354.18,,Ahmedabad,659.2,15.7,104.92,,0.05,16.58,0.76
104,2024-08-23,2024-08-25,2024-08-26,414.15,Delivered,East,1032.83,-1.0,9.0,9.0,4.0,-1.0,False,False,2.0,207.075,,Ahmedabad,659.2,15.7,104.92,,0.05,10.83,0.78
105,2024-03-27,2024-04-06,2024-04-03,872.75,Delayed,Central,3196.33,,17.0,4.0,6.0,3.0,True,False,10.0,87.275,Bangalore,Ahmedabad,496.2,11.2,323.4,10.0,0.017,9.21,0.85
106,2024-11-02,2024-11-03,2024-11-05,1687.75,Delivered,Central,6312.43,-2.0,11.0,9.0,4.0,-2.0,False,True,1.0,1687.75,Delhi,Indore,661.0,13.4,104.92,,0.05,10.83,0.78
107,2024-04-25,2024-05-07,2024-05-03,2131.61,Delayed,East,8896.18,4.0,12.0,8.0,10.0,4.0,True,True,12.0,177.6341666666667,Chennai,Jaipur,660.3,12.9,357.9,10.0,0.044,5.08,0.93
108,2024-09-29,2024-10-10,2024-10-06,1427.82,Delayed,South,2484.81,4.0,16.0,11.0,2.0,4.0,True,False,11.0,129.80181818181816,Bangalore,Lucknow,631.3,12.0,166.45,,0.066,,0.75
109,2024-08-11,2024-08-18,2024-08-15,2150.69,Delayed,North,3637.68,3.0,17.0,4.0,4.0,3.0,True,False,7.0,307.24142857142857,Bangalore,Ahmedabad,496.2,11.2,323.4,10.0,0.017,10.83,0.78
110,2024-10-07,,2024-10-12,1023.61,Delivered,South,2415.47,,8.0,7.0,6.0,,False,False,,,Chennai,Ahmedabad,1030.2,22.6,187.08,7.0,0.01,9.21,0.85
111,2024-03-04,2024-03-17,2024-03-11,860.29,Delayed,East,3902.88,6.0,3.0,,2.0,6.0,True,False,13.0,66.17615384615384,Kolkata,Jaipur,,19.2,,,,,0.75
112,2024-07-28,2024-08-04,2024-08-07,950.24,Delivered,West,1599.14,,13.0,15.0,9.0,-3.0,False,False,7.0,135.74857142857144,Kolkata,,872.6,18.5,472.77,5.0,0.089,16.58,0.76
113,2024-07-24,2024-08-08,2024-08-03,510.6,Delayed,Central,2363.83,5.0,5.0,12.0,2.0,5.0,True,False,15.0,34.04,Kolkata,Hyderabad,729.8,13.4,190.27,7.0,0.052,,0.75
114,2024-06-16,2024-06-23,2024-06-24,2089.87,Delivered,Central,5723.78,-1.0,13.0,8.0,9.0,-1.0,False,False,7.0,298.55285714285714,Kolkata,,872.6,18.5,357.9,10.0,0.044,16.58,0.76
115,2024-10-10,2024-10-15,2024-10-18,912.81,Delivered,South,1957.85,-3.0,15.0,5.0,6.0,-3.0,False,False,5.0,182.56199999999998,Delhi,,282.5,6.3,79.27,5.0,0.095,9.21,0.85
116,2024-06-21,2024-06-28,2024-06-30,1425.69,Delivered,South,3516.14,-2.0,7.0,6.0,7.0,-2.0,False,False,7.0,203.67000000000002,,Jaipur,1273.8,23.1,484.53,14.0,0.081,,0.92
117,2024-06-19,2024-06-19,2024-06-22,1488.52,Delivered,South,4592.77,-3.0,5.0,15.0,3.0,-3.0,False,False,0.0,inf,Kolkata,Hyderabad,729.8,13.4,472.77,5.0,0.089,5.68,0.79
118,2024-02-06,2024-02-16,2024-02-14,1351.68,Delayed,East,4467.01,2.0,16.0,4.0,5.0,2.0,True,False,10.0,135.168,Bangalore,Lucknow,631.3,12.0,323.4,10.0,0.017,17.43,0.8
119,2024-12-10,2024-12-11,2024-12-13,106.45,Delivered,East,205.35,-2.0,2.0,4.0,10.0,-2.0,False,False,1.0,106.45,Mumbai,Hyderabad,758.5,13.9,323.4,10.0,0.017,5.08,0.93
120,2024-01-28,2024-02-05,2024-01-31,2472.03,Delayed,North,,5.0,9.0,6.0,7.0,5.0,True,False,8.0,309.00375,,Ahmedabad,659.2,15.7,484.53,14.0,0.081,,0.92
121,2024-08-04,2024-08-08,2024-08-11,2272.82,Delivered,East,5007.35,-3.0,11.0,3.0,3.0,-3.0,False,False,4.0,568.205,Delhi,Indore,661.0,13.4,316.59,3.0,0.005,5.68,0.79
122,2024-05-10,2024-05-19,2024-05-18,598.33,Delayed,North,2705.47,1.0,8.0,13.0,1.0,1.0,True,False,9.0,66.48111111111112,Chennai,Ahmedabad,1030.2,22.6,296.02,10.0,0.018,,0.96
123,2024-01-16,2024-01-19,2024-01-20,801.97,Delivered,South,1780.66,-1.0,8.0,9.0,,-1.0,False,False,3.0,267.3233333333333,Chennai,Ahmedabad,1030.2,22.6,104.92,,0.05,,
124,2024-02-27,2024-03-13,2024-03-07,1348.02,Delayed,Central,3069.52,6.0,2.0,8.0,4.0,6.0,True,False,15.0,89.868,Mumbai,Hyderabad,758.5,13.9,357.9,10.0,0.044,10.83,0.78
125,2024-08-01,2024-08-11,2024-08-09,2264.59,Delayed,North,8249.64,,,15.0,9.0,2.0,True,True,10.0,226.459,,,,,472.77,5.0,0.089,16.58,0.76
126,2024-12-19,2024-12-30,2024-12-27,2460.71,Delayed,East,,3.0,9.0,14.0,7.0,3.0,True,False,11.0,223.7009090909091,,Ahmedabad,659.2,15.7,486.31,10.0,0.078,,0.92
127,2024-11-29,2024-12-14,2024-12-09,718.1,Delayed,West,3518.19,5.0,13.0,11.0,10.0,5.0,True,False,15.0,47.873333333333335,Kolkata,,872.6,18.5,166.45,,0.066,5.08,0.93
128,2024-07-09,2024-07-21,2024-07-16,1454.46,Delayed,South,6724.45,5.0,13.0,13.0,10.0,5.0,True,True,12.0,121.205,Kolkata,,872.6,18.5,296.02,10.0,0.018,5.08,0.93
129,2024-06-12,2024-06-22,2024-06-16,2036.72,Delayed,Central,8717.11,6.0,3.0,13.0,5.0,6.0,True,True,10.0,203.672,Kolkata,Jaipur,,19.2,296.02,10.0,0.018,17.43,0.8
130,2024-07-02,2024-07-09,2024-07-05,1046.49,Delayed,North,2518.39,,12.0,7.0,1.0,4.0,True,False,7.0,149.49857142857144,Chennai,Jaipur,660.3,12.9,187.08,7.0,0.01,,0.96
131,2024-05-19,2024-05-23,2024-05-24,1854.58,Delivered,North,6503.56,-1.0,12.0,14.0,,-1.0,False,True,4.0,463.645,Chennai,Jaipur,660.3,12.9,486.31,10.0,0.078,,
132,2024-11-02,2024-11-10,2024-11-08,486.57,Delayed,West,2304.16,2.0,10.0,7.0,4.0,2.0,True,False,8.0,60.82125,Bangalore,,962.8,20.5,187.08,7.0,0.01,10.83,0.78
133,2024-05-16,2024-05-29,2024-05-23,1541.68,Delayed,East,6067.58,6.0,3.0,12.0,5.0,6.0,True,True,13.0,118.59076923076924,Kolkata,Jaipur,,19.2,190.27,7.0,0.052,17.43,0.8
134,2024-02-19,2024-02-29,2024-02-25,2178.07,Delayed,Central,6127.94,,10.0,2.0,7.0,4.0,True,True,10.0,217.80700000000002,Bangalore,,962.8,20.5,139.85,3.0,0.051,,0.92
135,2024-09-09,2024-09-18,2024-09-15,2460.45,Delayed,Central,10938.28,3.0,16.0,7.0,4.0,3.0,True,True,9.0,273.3833333333333,Bangalore,Lucknow,631.3,12.0,187.08,7.0,0.01,10.83,0.78
136,2024-09-10,2024-09-14,2024-09-17,290.48,Delivered,North,902.1,-3.0,19.0,7.0,10.0,-3.0,False,False,4.0,72.62,Kolkata,Indore,527.6,11.8,187.08,7.0,0.01,5.08,0.93
137,2024-04-13,2024-04-16,2024-04-17,1128.03,Delivered,West,4093.59,-1.0,7.0,11.0,6.0,-1.0,False,False,3.0,376.01,,Jaipur,1273.8,23.1,166.45,,0.066,9.21,0.85
138,2024-03-29,2024-03-31,2024-04-02,590.9,Delivered,East,1368.98,-2.0,6.0,5.0,2.0,-2.0,False,False,2.0,295.45,Chennai,Hyderabad,729.8,14.9,79.27,5.0,0.095,,0.75
139,2024-02-17,2024-02-21,2024-02-21,1181.53,Delivered,Central,4539.84,0.0,15.0,15.0,2.0,0.0,False,False,4.0,295.3825,Delhi,,282.5,6.3,472.77,5.0,0.089,,0.75
140,2024-02-08,2024-02-10,2024-02-13,1414.63,Delivered,South,4215.65,-3.0,5.0,6.0,6.0,-3.0,False,False,2.0,707.315,Kolkata,Hyderabad,729.8,13.4,484.53,14.0,0.081,9.21,0.85
141,2024-05-12,2024-05-23,2024-05-21,323.98,Delayed,East,1599.85,,19.0,5.0,9.0,2.0,True,False,11.0,29.452727272727273,Kolkata,Indore,527.6,11.8,79.27,5.0,0.095,16.58,0.76
142,2024-03-11,2024-03-16,2024-03-17,812.47,Delivered,Central,2579.29,-1.0,9.0,4.0,8.0,-1.0,False,False,5.0,162.494,,Ahmedabad,659.2,15.7,323.4,10.0,0.017,6.12,0.98
143,2024-02-23,2024-03-07,2024-03-01,2326.2,Delayed,South,10324.39,6.0,8.0,4.0,,6.0,True,True,13.0,178.93846153846152,Chennai,Ahmedabad,1030.2,22.6,323.4,10.0,0.017,,
144,2024-02-08,2024-02-15,2024-02-18,1465.61,Delivered,West,5111.65,-3.0,11.0,11.0,9.0,-3.0,False,False,7.0,209.37285714285713,Delhi,Indore,661.0,13.4,166.45,,0.066,16.58,0.76
145,2024-12-26,2025-01-01,2024-12-29,1197.79,Delayed,East,2871.71,3.0,2.0,5.0,3.0,3.0,True,False,6.0,199.63166666666666,Mumbai,Hyderabad,758.5,13.9,79.27,5.0,0.095,5.68,0.79
146,2024-09-28,2024-10-05,2024-10-06,1908.46,Delivered,South,7174.26,-1.0,16.0,12.0,,-1.0,False,True,7.0,272.63714285714286,Bangalore,Lucknow,631.3,12.0,190.27,7.0,0.052,,
147,2024-08-06,2024-08-18,2024-08-16,1880.47,Delayed,South,3012.66,2.0,5.0,11.0,9.0,2.0,True,False,12.0,156.70583333333335,Kolkata,Hyderabad,729.8,13.4,166.45,,0.066,16.58,0.76
148,2024-12-14,2024-12-19,2024-12-19,216.59,Delivered,North,530.08,0.0,1.0,2.0,8.0,0.0,False,False,5.0,43.318,Pune,Jaipur,949.0,23.4,139.85,3.0,0.051,6.12,0.98
149,2024-11-24,2024-12-02,2024-11-29,1800.87,Delayed,North,7342.81,3.0,20.0,9.0,6.0,3.0,True,True,8.0,225.10875,Bangalore,Indore,376.3,7.0,104.92,,0.05,9.21,0.85
150,2024-11-30,2024-12-07,2024-12-05,2114.18,Delayed,Central,9312.25,2.0,10.0,14.0,4.0,2.0,True,True,7.0,302.0257142857143,Bangalore,,962.8,20.5,486.31,10.0,0.078,10.83,0.78
151,2024-11-10,2024-11-24,2024-11-19,498.25,Delayed,North,2185.72,,11.0,12.0,7.0,5.0,True,False,14.0,35.589285714285715,Delhi,Indore,661.0,13.4,190.27,7.0,0.052,,0.92
152,2024-07-18,2024-07-22,2024-07-24,1974.4,Delivered,West,8184.8,-2.0,6.0,5.0,5.0,-2.0,False,True,4.0,493.6,Chennai,Hyderabad,729.8,14.9,79.27,5.0,0.095,17.43,0.8
153,2024-01-12,2024-01-20,2024-01-22,787.69,Delivered,South,3695.67,-2.0,4.0,,5.0,-2.0,False,False,8.0,98.46125,Delhi,Hyderabad,1256.9,28.1,,,,17.43,0.8
154,2024-11-22,2024-11-27,2024-11-27,835.53,Delivered,South,2688.11,0.0,,12.0,4.0,0.0,False,False,5.0,167.106,,,,,190.27,7.0,0.052,10.83,0.78
155,2024-02-08,2024-02-12,2024-02-15,1696.63,Delivered,East,2751.86,-3.0,4.0,1.0,5.0,-3.0,False,False,4.0,424.1575,Delhi,Hyderabad,1256.9,28.1,255.23,7.0,0.079,17.43,0.8
156,2024-04-19,2024-04-20,2024-04-23,367.34,Delivered,North,1170.74,-3.0,4.0,1.0,9.0,-3.0,False,False,1.0,367.34,Delhi,Hyderabad,1256.9,28.1,255.23,7.0,0.079,16.58,0.76
157,2024-07-28,2024-08-02,2024-08-02,1695.69,Delivered,South,3994.58,0.0,14.0,5.0,2.0,0.0,False,False,5.0,339.13800000000003,Delhi,Jaipur,226.0,4.2,79.27,5.0,0.095,,0.75
158,2024-06-12,,2024-06-17,2230.86,Delivered,South,7956.61,-1.0,10.0,12.0,9.0,,False,True,,,Bangalore,,962.8,20.5,190.27,7.0,0.052,16.58,0.76
159,2024-09-03,2024-09-11,2024-09-07,1771.15,Delayed,Central,2785.06,,13.0,12.0,4.0,4.0,True,False,8.0,221.39375,Kolkata,,872.6,18.5,190.27,7.0,0.052,10.83,0.78
160,2024-03-08,,2024-03-17,1156.79,Delivered,South,2275.0,0.0,14.0,5.0,3.0,,False,False,,,Delhi,Jaipur,226.0,4.2,79.27,5.0,0.095,5.68,0.79
161,2024-02-09,2024-02-16,2024-02-12,1151.71,Delayed,North,,4.0,7.0,4.0,7.0,4.0,True,False,7.0,164.53,,Jaipur,1273.8,23.1,323.4,10.0,0.017,,0.92
162,2024-02-08,2024-02-18,2024-02-16,1936.23,Delayed,West,8725.58,2.0,6.0,9.0,9.0,2.0,True,True,10.0,193.623,Chennai,Hyderabad,729.8,14.9,104.92,,0.05,16.58,0.76
163,2024-07-10,2024-07-11,2024-07-13,1457.54,Delivered,North,4828.77,-2.0,8.0,13.0,7.0,-2.0,False,False,1.0,1457.54,Chennai,Ahmedabad,1030.2,22.6,296.02,10.0,0.018,,0.92
164,2024-04-18,2024-04-26,2024-04-25,303.77,Delayed,East,787.72,1.0,1.0,1.0,1.0,1.0,True,False,8.0,37.97125,Pune,Jaipur,949.0,23.4,255.23,7.0,0.079,,0.96
165,2024-07-07,2024-07-17,2024-07-11,1498.41,Delayed,East,,,12.0,,4.0,6.0,True,False,10.0,149.841,Chennai,Jaipur,660.3,12.9,,,,10.83,0.78
166,2024-08-22,2024-09-05,2024-09-01,2055.62,Delayed,East,4609.85,4.0,20.0,3.0,5.0,4.0,True,False,14.0,146.82999999999998,Bangalore,Indore,376.3,7.0,316.59,3.0,0.005,17.43,0.8
167,2024-03-03,2024-03-15,2024-03-10,908.96,Delayed,East,2647.73,5.0,17.0,2.0,,5.0,True,False,12.0,75.74666666666667,Bangalore,Ahmedabad,496.2,11.2,139.85,3.0,0.051,,
168,2024-11-02,2024-11-14,2024-11-10,2326.18,Delayed,East,6092.74,4.0,7.0,,6.0,4.0,True,True,12.0,193.84833333333333,,Jaipur,1273.8,23.1,,,,9.21,0.85
169,2024-07-29,2024-08-07,2024-08-06,1901.72,Delayed,North,,1.0,20.0,3.0,3.0,1.0,True,False,9.0,211.3022222222222,Bangalore,Indore,376.3,7.0,316.59,3.0,0.005,5.68,0.79
170,2024-06-04,2024-06-14,2024-06-13,1477.75,Delayed,Central,2673.22,1.0,18.0,12.0,2.0,1.0,True,False,10.0,147.775,Pune,Indore,894.3,21.6,190.27,7.0,0.052,,0.75
171,2024-07-31,,2024-08-07,1903.95,Delayed,North,7030.88,5.0,,12.0,8.0,,False,True,,,,,,,190.27,7.0,0.052,6.12,0.98
172,2024-07-28,2024-07-31,2024-08-02,,Delivered,East,1378.53,-2.0,5.0,13.0,5.0,-2.0,False,False,3.0,,Kolkata,Hyderabad,729.8,13.4,296.02,10.0,0.018,17.43,0.8
173,2024-10-27,2024-10-28,2024-10-31,2162.53,Delivered,West,8392.19,-3.0,6.0,2.0,,-3.0,False,True,1.0,2162.53,Chennai,Hyderabad,729.8,14.9,139.85,3.0,0.051,,
174,2024-04-20,2024-04-27,2024-04-29,2071.61,Delivered,East,,-2.0,7.0,12.0,9.0,-2.0,False,False,7.0,295.94428571428574,,Jaipur,1273.8,23.1,190.27,7.0,0.052,16.58,0.76
175,2024-10-12,2024-10-16,2024-10-18,2283.69,Delivered,West,9602.14,-2.0,4.0,14.0,4.0,-2.0,False,True,4.0,570.9225,Delhi,Hyderabad,1256.9,28.1,486.31,10.0,0.078,10.83,0.78
176,2024-05-30,2024-06-01,2024-06-02,408.71,Delivered,North,1935.43,-1.0,8.0,5.0,8.0,-1.0,False,False,2.0,204.355,Chennai,Ahmedabad,1030.2,22.6,79.27,5.0,0.095,6.12,0.98
177,2024-01-11,2024-01-20,2024-01-19,296.27,Delayed,South,1395.57,1.0,1.0,11.0,2.0,1.0,True,False,9.0,32.91888888888889,Pune,Jaipur,949.0,23.4,166.45,,0.066,,0.75
178,2024-01-11,2024-01-18,2024-01-14,,Delayed,South,829.24,4.0,1.0,8.0,7.0,4.0,True,False,7.0,,Pune,Jaipur,949.0,23.4,357.9,10.0,0.044,,0.92
179,2024-08-05,2024-08-11,2024-08-12,,Delivered,North,3474.83,-1.0,11.0,3.0,6.0,-1.0,False,False,6.0,,Delhi,Indore,661.0,13.4,316.59,3.0,0.005,9.21,0.85
180,2024-04-27,2024-05-05,2024-04-30,1118.34,Delayed,North,4396.42,5.0,6.0,7.0,2.0,5.0,True,False,8.0,139.7925,Chennai,Hyderabad,729.8,14.9,187.08,7.0,0.01,,0.75
181,2024-07-12,2024-07-15,2024-07-15,1449.32,Delivered,East,3390.11,0.0,15.0,9.0,4.0,0.0,False,False,3.0,483.1066666666666,Delhi,,282.5,6.3,104.92,,0.05,10.83,0.78
182,2024-08-24,2024-08-31,2024-09-03,393.38,Delivered,North,808.11,-3.0,,2.0,5.0,-3.0,False,False,7.0,56.19714285714286,,,,,139.85,3.0,0.051,17.43,0.8
183,2024-12-14,2024-12-18,2024-12-20,583.36,Delivered,South,2167.39,-2.0,11.0,4.0,2.0,-2.0,False,False,4.0,145.84,Delhi,Indore,661.0,13.4,323.4,10.0,0.017,,0.75
184,2024-10-16,2024-10-24,2024-10-20,2047.95,Delayed,South,4287.48,4.0,7.0,13.0,10.0,4.0,True,False,8.0,255.99375,,Jaipur,1273.8,23.1,296.02,10.0,0.018,5.08,0.93
185,2024-07-14,2024-07-25,2024-07-21,,Delayed,West,2093.17,4.0,6.0,8.0,3.0,4.0,True,False,11.0,,Chennai,Hyderabad,729.8,14.9,357.9,10.0,0.044,5.68,0.79
186,2024-05-17,2024-05-28,2024-05-24,2039.05,Delayed,West,6347.73,4.0,8.0,4.0,5.0,4.0,True,True,11.0,185.36818181818182,Chennai,Ahmedabad,1030.2,22.6,323.4,10.0,0.017,17.43,0.8
187,2024-05-31,2024-06-10,2024-06-05,117.82,Delayed,East,177.21,5.0,12.0,14.0,1.0,5.0,True,False,10.0,11.782,Chennai,Jaipur,660.3,12.9,486.31,10.0,0.078,,0.96
188,2024-09-11,2024-09-14,2024-09-15,1423.82,Delivered,North,6111.58,-1.0,5.0,6.0,6.0,-1.0,False,True,3.0,474.6066666666666,Kolkata,Hyderabad,729.8,13.4,484.53,14.0,0.081,9.21,0.85
189,2024-06-10,2024-06-14,2024-06-14,2336.64,Delivered,North,9879.27,0.0,10.0,15.0,2.0,0.0,False,True,4.0,584.16,Bangalore,,962.8,20.5,472.77,5.0,0.089,,0.75
190,2024-09-05,2024-09-14,2024-09-10,1497.22,Delayed,West,2705.05,4.0,10.0,10.0,1.0,4.0,True,False,9.0,166.35777777777778,Bangalore,,962.8,20.5,65.47,7.0,0.091,,0.96
191,2024-05-11,2024-05-21,2024-05-17,594.63,Delayed,West,1537.38,4.0,7.0,8.0,6.0,4.0,True,False,10.0,59.463,,Jaipur,1273.8,23.1,357.9,10.0,0.044,9.21,0.85
192,2024-06-05,2024-06-12,2024-06-14,1822.62,Delivered,South,5699.77,-2.0,11.0,5.0,,-2.0,False,False,7.0,260.3742857142857,Delhi,Indore,661.0,13.4,79.27,5.0,0.095,,
193,2024-10-28,2024-11-10,2024-11-05,1009.57,Delayed,East,4012.68,5.0,6.0,2.0,7.0,5.0,True,False,13.0,77.65923076923077,Chennai,Hyderabad,729.8,14.9,139.85,3.0,0.051,,0.92
194,2024-01-20,2024-01-28,2024-01-29,1704.12,Delivered,Central,6108.24,-1.0,4.0,2.0,2.0,-1.0,False,True,8.0,213.015,Delhi,Hyderabad,1256.9,28.1,139.85,3.0,0.051,,0.75
195,2024-05-10,,2024-05-20,170.37,Delivered,Central,536.27,0.0,18.0,9.0,5.0,,False,False,,,Pune,Indore,894.3,21.6,104.92,,0.05,17.43,0.8
196,2024-04-26,2024-05-09,2024-05-03,1626.16,Delayed,West,5971.16,6.0,2.0,10.0,8.0,6.0,True,True,13.0,125.08923076923078,Mumbai,Hyderabad,758.5,13.9,65.47,7.0,0.091,6.12,0.98
197,2024-10-28,,2024-11-07,177.28,Delivered,West,612.66,-2.0,2.0,2.0,8.0,,False,False,,,Mumbai,Hyderabad,758.5,13.9,139.85,3.0,0.051,6.12,0.98
198,2024-12-22,2024-12-29,2024-12-29,1887.47,Delivered,West,7600.18,0.0,13.0,8.0,2.0,0.0,False,True,7.0,269.6385714285714,Kolkata,,872.6,18.5,357.9,10.0,0.044,,0.75
199,2024-02-06,,2024-02-15,1234.99,Delayed,West,3332.41,6.0,10.0,12.0,8.0,,False,False,,,Bangalore,,962.8,20.5,190.27,7.0,0.052,6.12,0.98
200,2024-11-11,,2024-11-21,392.21,Delayed,East,,4.0,14.0,8.0,4.0,,False,False,,,Delhi,Jaipur,226.0,4.2,357.9,10.0,0.044,10.83,0.78
201,2024-02-13,2024-02-21,2024-02-19,1402.33,Delayed,Central,6245.85,,19.0,4.0,8.0,2.0,True,True,8.0,175.29125,Kolkata,Indore,527.6,11.8,323.4,10.0,0.017,6.12,0.98
202,2024-05-02,2024-05-16,2024-05-10,260.26,Delayed,North,1104.61,6.0,1.0,13.0,4.0,6.0,True,False,14.0,18.59,Pune,Jaipur,949.0,23.4,296.02,10.0,0.018,10.83,0.78
203,2024-10-19,2024-10-26,2024-10-26,1668.08,Delivered,East,,0.0,16.0,4.0,8.0,0.0,False,False,7.0,238.29714285714286,Bangalore,Lucknow,631.3,12.0,323.4,10.0,0.017,6.12,0.98
204,2024-12-01,2024-12-16,2024-12-11,2490.61,Delayed,South,12334.51,5.0,4.0,9.0,10.0,5.0,True,True,15.0,166.04066666666668,Delhi,Hyderabad,1256.9,28.1,104.92,,0.05,5.08,0.93
205,2024-05-29,2024-05-31,2024-06-02,1946.55,Delivered,North,4488.45,-2.0,14.0,13.0,10.0,-2.0,False,False,2.0,973.275,Delhi,Jaipur,226.0,4.2,296.02,10.0,0.018,5.08,0.93
206,2024-09-28,2024-10-04,2024-10-01,1477.06,Delayed,West,3455.34,3.0,16.0,9.0,7.0,3.0,True,False,6.0,246.17666666666665,Bangalore,Lucknow,631.3,12.0,104.92,,0.05,,0.92
207,2024-05-14,2024-05-24,2024-05-18,346.32,Delayed,West,1435.56,6.0,16.0,12.0,10.0,6.0,True,False,10.0,34.632,Bangalore,Lucknow,631.3,12.0,190.27,7.0,0.052,5.08,0.93
208,2024-08-06,2024-08-16,2024-08-16,1779.6,Delivered,East,8234.59,0.0,6.0,3.0,3.0,0.0,False,True,10.0,177.95999999999998,Chennai,Hyderabad,729.8,14.9,316.59,3.0,0.005,5.68,0.79
209,2024-05-11,2024-05-18,2024-05-17,1686.8,Delayed,West,8412.84,1.0,2.0,13.0,5.0,1.0,True,True,7.0,240.97142857142856,Mumbai,Hyderabad,758.5,13.9,296.02,10.0,0.018,17.43,0.8
210,2024-08-01,2024-08-05,2024-08-06,217.83,Delivered,North,679.78,-1.0,18.0,1.0,8.0,-1.0,False,False,4.0,54.4575,Pune,Indore,894.3,21.6,255.23,7.0,0.079,6.12,0.98
211,2024-05-14,2024-05-18,2024-05-17,2001.52,Delayed,South,8118.62,1.0,5.0,2.0,10.0,1.0,True,True,4.0,500.38,Kolkata,Hyderabad,729.8,13.4,139.85,3.0,0.051,5.08,0.93
212,2024-12-14,2024-12-28,2024-12-22,1344.92,Delayed,East,4551.66,6.0,16.0,1.0,6.0,6.0,True,False,14.0,96.0657142857143,Bangalore,Lucknow,631.3,12.0,255.23,7.0,0.079,9.21,0.85
213,2024-08-22,2024-08-23,2024-08-25,1122.08,Delivered,East,4394.02,-2.0,17.0,14.0,,-2.0,False,False,1.0,1122.08,Bangalore,Ahmedabad,496.2,11.2,486.31,10.0,0.078,,
214,2024-09-28,2024-10-10,2024-10-06,1991.65,Delayed,Central,8469.31,,20.0,8.0,9.0,4.0,True,True,12.0,165.97083333333333,Bangalore,Indore,376.3,7.0,357.9,10.0,0.044,16.58,0.76
215,2024-05-31,,2024-06-07,1087.77,Delayed,East,5086.02,2.0,14.0,15.0,6.0,,False,False,,,Delhi,Jaipur,226.0,4.2,472.77,5.0,0.089,9.21,0.85
216,2024-11-04,2024-11-12,2024-11-14,1254.46,Delivered,South,3443.88,,18.0,7.0,1.0,-2.0,False,False,8.0,156.8075,Pune,Indore,894.3,21.6,187.08,7.0,0.01,,0.96
217,2024-03-14,2024-03-25,2024-03-19,535.91,Delayed,Central,1534.27,6.0,14.0,15.0,1.0,6.0,True,False,11.0,48.71909090909091,Delhi,Jaipur,226.0,4.2,472.77,5.0,0.089,,0.96
218,2024-04-21,2024-05-03,2024-04-29,871.17,Delayed,North,3239.4,4.0,15.0,12.0,6.0,4.0,True,False,12.0,72.5975,Delhi,,282.5,6.3,190.27,7.0,0.052,9.21,0.85
219,2024-09-16,2024-09-28,2024-09-25,2129.28,Delayed,Central,3543.0,3.0,2.0,14.0,10.0,3.0,True,False,12.0,177.44000000000003,Mumbai,Hyderabad,758.5,13.9,486.31,10.0,0.078,5.08,0.93
220,2024-04-22,2024-04-28,2024-04-29,548.57,Delivered,West,1134.98,,3.0,3.0,,-1.0,False,False,6.0,91.42833333333334,Kolkata,Jaipur,,19.2,316.59,3.0,0.005,,
221,2024-03-20,2024-04-01,2024-03-29,1101.5,Delayed,East,4400.76,,9.0,5.0,2.0,3.0,True,False,12.0,91.79166666666667,,Ahmedabad,659.2,15.7,79.27,5.0,0.095,,0.75
222,2024-07-27,2024-07-28,2024-07-31,2473.68,Delivered,West,5041.79,,8.0,10.0,8.0,-3.0,False,False,1.0,2473.68,Chennai,Ahmedabad,1030.2,22.6,65.47,7.0,0.091,6.12,0.98
223,2024-10-18,2024-10-23,2024-10-24,667.84,Delivered,North,2807.2,,6.0,3.0,6.0,-1.0,False,False,5.0,133.568,Chennai,Hyderabad,729.8,14.9,316.59,3.0,0.005,9.21,0.85
224,2024-03-09,2024-03-16,2024-03-17,2300.4,Delivered,South,7739.57,-1.0,12.0,,6.0,-1.0,False,True,7.0,328.62857142857143,Chennai,Jaipur,660.3,12.9,,,,9.21,0.85
225,2024-10-31,2024-11-10,2024-11-06,,Delayed,Central,10954.96,4.0,20.0,8.0,4.0,4.0,True,True,10.0,,Bangalore,Indore,376.3,7.0,357.9,10.0,0.044,10.83,0.78
226,2024-05-01,2024-05-13,2024-05-10,319.11,Delayed,North,1431.33,3.0,13.0,7.0,3.0,3.0,True,False,12.0,26.5925,Kolkata,,872.6,18.5,187.08,7.0,0.01,5.68,0.79
227,2024-06-29,2024-06-30,2024-07-03,1212.77,Delivered,North,5518.29,-3.0,15.0,13.0,9.0,-3.0,False,False,1.0,1212.77,Delhi,,282.5,6.3,296.02,10.0,0.018,16.58,0.76
228,2024-05-17,2024-05-18,2024-05-21,1305.32,Delivered,Central,,-3.0,19.0,3.0,5.0,-3.0,False,False,1.0,1305.32,Kolkata,Indore,527.6,11.8,316.59,3.0,0.005,17.43,0.8
229,2024-07-07,2024-07-22,2024-07-16,852.81,Delayed,West,3894.85,6.0,3.0,14.0,8.0,6.0,True,False,15.0,56.854,Kolkata,Jaipur,,19.2,486.31,10.0,0.078,6.12,0.98
230,2024-01-17,,2024-01-23,213.61,Delivered,West,698.16,-2.0,4.0,5.0,7.0,,False,False,,,Delhi,Hyderabad,1256.9,28.1,79.27,5.0,0.095,,0.92
231,2024-11-28,2024-12-02,2024-12-02,680.05,Delivered,East,1957.2,0.0,18.0,9.0,8.0,0.0,False,False,4.0,170.0125,Pune,Indore,894.3,21.6,104.92,,0.05,6.12,0.98
232,2024-08-04,2024-08-16,2024-08-11,329.27,Delayed,West,866.79,5.0,15.0,1.0,8.0,5.0,True,False,12.0,27.439166666666665,Delhi,,282.5,6.3,255.23,7.0,0.079,6.12,0.98
233,2024-05-10,2024-05-18,2024-05-15,671.8,Delayed,North,3104.14,,15.0,12.0,7.0,3.0,True,False,8.0,83.975,Delhi,,282.5,6.3,190.27,7.0,0.052,,0.92
234,2024-11-05,2024-11-15,2024-11-15,2038.7,Delivered,North,4003.09,0.0,7.0,6.0,6.0,0.0,False,False,10.0,203.87,,Jaipur,1273.8,23.1,484.53,14.0,0.081,9.21,0.85
235,2024-04-18,2024-04-27,2024-04-21,2247.95,Delayed,South,4183.41,,16.0,12.0,4.0,6.0,True,False,9.0,249.7722222222222,Bangalore,Lucknow,631.3,12.0,190.27,7.0,0.052,10.83,0.78
236,2024-02-02,2024-02-03,2024-02-05,203.73,Delivered,East,306.12,-2.0,19.0,5.0,6.0,-2.0,False,False,1.0,203.73,Kolkata,Indore,527.6,11.8,79.27,5.0,0.095,9.21,0.85
237,2024-03-27,2024-04-07,2024-04-03,824.67,Delayed,West,3346.88,4.0,3.0,12.0,9.0,4.0,True,False,11.0,74.97,Kolkata,Jaipur,,19.2,190.27,7.0,0.052,16.58,0.76
238,2024-01-29,2024-01-31,2024-02-03,2453.4,Delivered,West,5838.57,-3.0,13.0,4.0,3.0,-3.0,False,False,2.0,1226.7,Kolkata,,872.6,18.5,323.4,10.0,0.017,5.68,0.79
239,2024-04-01,2024-04-07,2024-04-10,1394.81,Delivered,Central,6283.57,-3.0,10.0,10.0,8.0,-3.0,False,True,6.0,232.46833333333333,Bangalore,,962.8,20.5,65.47,7.0,0.091,6.12,0.98
240,2024-01-13,2024-01-17,2024-01-17,1603.14,Delivered,East,5259.08,0.0,9.0,4.0,4.0,0.0,False,False,4.0,400.785,,Ahmedabad,659.2,15.7,323.4,10.0,0.017,10.83,0.78
241,2024-08-25,2024-08-31,2024-09-03,113.31,Delivered,North,254.03,-3.0,19.0,10.0,3.0,-3.0,False,False,6.0,18.885,Kolkata,Indore,527.6,11.8,65.47,7.0,0.091,5.68,0.79
242,2024-01-12,2024-01-24,2024-01-22,1263.78,Delayed,West,2139.86,2.0,20.0,11.0,3.0,2.0,True,False,12.0,105.315,Bangalore,Indore,376.3,7.0,166.45,,0.066,5.68,0.79
243,2024-05-16,2024-05-24,2024-05-25,2471.99,Delivered,West,11863.99,-1.0,4.0,3.0,7.0,-1.0,False,True,8.0,308.99875,Delhi,Hyderabad,1256.9,28.1,316.59,3.0,0.005,,0.92
244,2024-03-15,2024-03-15,2024-03-18,1000.45,Delivered,South,,-3.0,17.0,7.0,7.0,-3.0,False,False,0.0,inf,Bangalore,Ahmedabad,496.2,11.2,187.08,7.0,0.01,,0.92
245,2024-09-16,2024-09-23,2024-09-25,332.89,Delivered,Central,580.28,-2.0,1.0,4.0,6.0,-2.0,False,False,7.0,47.55571428571428,Pune,Jaipur,949.0,23.4,323.4,10.0,0.017,9.21,0.85
246,2024-04-05,2024-04-14,2024-04-11,1208.58,Delayed,West,2921.69,3.0,1.0,14.0,10.0,3.0,True,False,9.0,134.28666666666666,Pune,Jaipur,949.0,23.4,486.31,10.0,0.078,5.08,0.93
247,2024-06-04,2024-06-10,2024-06-08,2411.21,Delayed,West,11236.28,2.0,6.0,1.0,9.0,2.0,True,True,6.0,401.86833333333334,Chennai,Hyderabad,729.8,14.9,255.23,7.0,0.079,16.58,0.76
248,2024-02-19,2024-03-01,2024-02-28,920.39,Delayed,East,2118.31,2.0,10.0,2.0,2.0,2.0,True,False,11.0,83.67181818181818,Bangalore,,962.8,20.5,139.85,3.0,0.051,,0.75
249,2024-09-12,2024-09-23,2024-09-19,2017.41,Delayed,East,7778.37,4.0,6.0,2.0,3.0,4.0,True,True,11.0,183.4009090909091,Chennai,Hyderabad,729.8,14.9,139.85,3.0,0.051,5.68,0.79
250,2024-10-02,2024-10-02,2024-10-05,2017.23,Delivered,North,5968.33,-3.0,1.0,1.0,4.0,-3.0,False,True,0.0,inf,Pune,Jaipur,949.0,23.4,255.23,7.0,0.079,10.83,0.78
251,2024-07-18,,2024-07-25,599.8,Delayed,West,1396.95,2.0,7.0,9.0,7.0,,False,False,,,,Jaipur,1273.8,23.1,104.92,,0.05,,0.92
252,2024-04-30,2024-05-07,2024-05-07,1164.08,Delivered,East,4437.02,0.0,6.0,1.0,8.0,0.0,False,False,7.0,166.29714285714286,Chennai,Hyderabad,729.8,14.9,255.23,7.0,0.079,6.12,0.98
253,2024-07-19,2024-07-25,2024-07-25,,Delivered,North,3210.03,0.0,3.0,6.0,10.0,0.0,False,False,6.0,,Kolkata,Jaipur,,19.2,484.53,14.0,0.081,5.08,0.93
254,2024-02-10,2024-02-19,2024-02-13,1085.25,Delayed,South,2922.96,6.0,11.0,10.0,6.0,6.0,True,False,9.0,120.58333333333333,Delhi,Indore,661.0,13.4,65.47,7.0,0.091,9.21,0.85
255,2024-01-04,2024-01-14,2024-01-10,558.42,Delayed,South,1894.35,4.0,13.0,7.0,6.0,4.0,True,False,10.0,55.842,Kolkata,,872.6,18.5,187.08,7.0,0.01,9.21,0.85
256,2024-02-15,2024-02-22,2024-02-20,,Delayed,South,4957.84,2.0,5.0,15.0,,2.0,True,False,7.0,,Kolkata,Hyderabad,729.8,13.4,472.77,5.0,0.089,,
257,2024-04-01,2024-04-06,2024-04-05,1661.8,Delayed,South,8262.52,1.0,2.0,2.0,1.0,1.0,True,True,5.0,332.36,Mumbai,Hyderabad,758.5,13.9,139.85,3.0,0.051,,0.96
258,2024-02-05,2024-02-12,2024-02-09,2177.1,Delayed,South,5461.46,3.0,19.0,3.0,6.0,3.0,True,False,7.0,311.0142857142857,Kolkata,Indore,527.6,11.8,316.59,3.0,0.005,9.21,0.85
259,2024-04-25,,2024-04-30,160.58,Delayed,South,663.7,4.0,1.0,13.0,8.0,,False,False,,,Pune,Jaipur,949.0,23.4,296.02,10.0,0.018,6.12,0.98
260,2024-07-23,2024-07-31,2024-07-31,740.57,Delivered,South,2699.06,0.0,5.0,15.0,5.0,0.0,False,False,8.0,92.57125,Kolkata,Hyderabad,729.8,13.4,472.77,5.0,0.089,17.43,0.8
261,2024-11-15,2024-11-22,2024-11-21,1304.97,Delayed,North,5565.23,1.0,12.0,3.0,6.0,1.0,True,False,7.0,186.42428571428573,Chennai,Jaipur,660.3,12.9,316.59,3.0,0.005,9.21,0.85
262,2024-05-26,2024-06-07,2024-06-02,261.88,Delayed,South,1143.57,5.0,18.0,13.0,8.0,5.0,True,False,12.0,21.823333333333334,Pune,Indore,894.3,21.6,296.02,10.0,0.018,6.12,0.98
263,2024-08-29,2024-08-31,2024-09-03,2483.28,Delivered,South,10497.38,-3.0,11.0,10.0,4.0,-3.0,False,True,2.0,1241.64,Delhi,Indore,661.0,13.4,65.47,7.0,0.091,10.83,0.78
264,2024-05-04,2024-05-13,2024-05-08,667.51,Delayed,West,1127.53,5.0,11.0,6.0,6.0,5.0,True,False,9.0,74.16777777777777,Delhi,Indore,661.0,13.4,484.53,14.0,0.081,9.21,0.85
265,2024-12-04,2024-12-14,2024-12-14,998.3,Delivered,Central,3204.56,0.0,10.0,1.0,,0.0,False,False,10.0,99.83,Bangalore,,962.8,20.5,255.23,7.0,0.079,,
266,2024-04-24,2024-05-09,2024-05-04,613.63,Delayed,East,2263.42,5.0,1.0,4.0,9.0,5.0,True,False,15.0,40.90866666666667,Pune,Jaipur,949.0,23.4,323.4,10.0,0.017,16.58,0.76
267,2024-04-08,2024-04-21,2024-04-18,353.07,Delayed,South,1503.92,3.0,7.0,4.0,6.0,3.0,True,False,13.0,27.159230769230767,,Jaipur,1273.8,23.1,323.4,10.0,0.017,9.21,0.85
268,2024-11-04,2024-11-14,2024-11-12,657.95,Delayed,East,2195.2,2.0,10.0,9.0,10.0,2.0,True,False,10.0,65.795,Bangalore,,962.8,20.5,104.92,,0.05,5.08,0.93
269,2024-10-17,2024-10-28,2024-10-23,821.46,Delayed,South,1241.27,5.0,2.0,2.0,1.0,5.0,True,False,11.0,74.67818181818183,Mumbai,Hyderabad,758.5,13.9,139.85,3.0,0.051,,0.96
270,2024-12-03,2024-12-14,2024-12-08,1622.66,Delayed,South,7333.4,6.0,16.0,2.0,9.0,6.0,True,True,11.0,147.51454545454547,Bangalore,Lucknow,631.3,12.0,139.85,3.0,0.051,16.58,0.76
271,2024-08-12,2024-08-25,2024-08-22,774.96,Delayed,North,3307.01,3.0,12.0,13.0,2.0,3.0,True,False,13.0,59.612307692307695,Chennai,Jaipur,660.3,12.9,296.02,10.0,0.018,,0.75
272,2024-04-07,2024-04-12,2024-04-10,969.46,Delayed,North,3133.26,2.0,19.0,15.0,8.0,2.0,True,False,5.0,193.892,Kolkata,Indore,527.6,11.8,472.77,5.0,0.089,6.12,0.98
273,2024-02-29,2024-03-07,2024-03-08,114.26,Delivered,West,403.17,,7.0,5.0,6.0,-1.0,False,False,7.0,16.322857142857142,,Jaipur,1273.8,23.1,79.27,5.0,0.095,9.21,0.85
274,2024-08-19,2024-08-22,2024-08-23,977.73,Delivered,West,2082.1,-1.0,14.0,12.0,7.0,-1.0,False,False,3.0,325.91,Delhi,Jaipur,226.0,4.2,190.27,7.0,0.052,,0.92
275,2024-05-12,2024-05-21,2024-05-21,1381.33,Delivered,West,4565.02,0.0,15.0,14.0,5.0,0.0,False,False,9.0,153.4811111111111,Delhi,,282.5,6.3,486.31,10.0,0.078,17.43,0.8
276,2024-09-21,2024-09-26,2024-09-27,488.84,Delivered,West,1141.65,-1.0,12.0,13.0,4.0,-1.0,False,False,5.0,97.768,Chennai,Jaipur,660.3,12.9,296.02,10.0,0.018,10.83,0.78
277,2024-01-15,2024-01-19,2024-01-18,1533.84,Delayed,East,5882.18,1.0,1.0,12.0,,1.0,True,False,4.0,383.46,Pune,Jaipur,949.0,23.4,190.27,7.0,0.052,,
278,2024-11-09,2024-11-20,2024-11-19,,Delayed,West,3731.71,,12.0,10.0,9.0,1.0,True,False,11.0,,Chennai,Jaipur,660.3,12.9,65.47,7.0,0.091,16.58,0.76
279,2024-10-19,2024-10-31,2024-10-29,1616.92,Delayed,North,7533.08,2.0,5.0,3.0,9.0,2.0,True,True,12.0,134.74333333333334,Kolkata,Hyderabad,729.8,13.4,316.59,3.0,0.005,16.58,0.76
280,2024-08-16,2024-08-18,2024-08-19,162.87,Delivered,East,749.72,,10.0,11.0,2.0,-1.0,False,False,2.0,81.435,Bangalore,,962.8,20.5,166.45,,0.066,,0.75
281,2024-11-30,2024-12-15,2024-12-10,2230.22,Delayed,East,9000.07,5.0,14.0,14.0,10.0,5.0,True,True,15.0,148.68133333333333,Delhi,Jaipur,226.0,4.2,486.31,10.0,0.078,5.08,0.93
282,2024-10-06,2024-10-19,2024-10-13,138.68,Delayed,West,311.85,6.0,17.0,12.0,2.0,6.0,True,False,13.0,10.667692307692308,Bangalore,Ahmedabad,496.2,11.2,190.27,7.0,0.052,,0.75
283,2024-08-08,2024-08-18,2024-08-12,404.7,Delayed,South,1101.82,6.0,13.0,6.0,5.0,6.0,True,False,10.0,40.47,Kolkata,,872.6,18.5,484.53,14.0,0.081,17.43,0.8
284,2024-03-19,2024-03-21,2024-03-23,1965.19,Delivered,North,9409.61,-2.0,,1.0,2.0,-2.0,False,True,2.0,982.595,,,,,255.23,7.0,0.079,,0.75
285,2024-07-09,2024-07-19,2024-07-18,210.15,Delayed,Central,520.65,1.0,11.0,2.0,1.0,1.0,True,False,10.0,21.015,Delhi,Indore,661.0,13.4,139.85,3.0,0.051,,0.96
286,2024-02-28,2024-03-04,2024-03-04,1806.4,Delivered,Central,6811.0,0.0,19.0,14.0,8.0,0.0,False,True,5.0,361.28000000000003,Kolkata,Indore,527.6,11.8,486.31,10.0,0.078,6.12,0.98
287,2024-01-07,2024-01-20,2024-01-15,2430.51,Delayed,Central,10268.02,5.0,5.0,1.0,5.0,5.0,True,True,13.0,186.96230769230772,Kolkata,Hyderabad,729.8,13.4,255.23,7.0,0.079,17.43,0.8
288,2024-12-17,2024-12-21,2024-12-24,2192.04,Delivered,South,5577.92,-3.0,12.0,1.0,4.0,-3.0,False,False,4.0,548.01,Chennai,Jaipur,660.3,12.9,255.23,7.0,0.079,10.83,0.78
289,2024-01-27,2024-02-07,2024-02-03,1804.39,Delayed,West,,4.0,20.0,1.0,9.0,4.0,True,False,11.0,164.03545454545454,Bangalore,Indore,376.3,7.0,255.23,7.0,0.079,16.58,0.76
290,2024-06-21,2024-07-02,2024-06-26,2400.42,Delayed,West,8786.49,6.0,10.0,10.0,3.0,6.0,True,True,11.0,218.22,Bangalore,,962.8,20.5,65.47,7.0,0.091,5.68,0.79
291,2024-02-04,2024-02-10,2024-02-10,1131.55,Delivered,East,3329.72,,10.0,4.0,6.0,0.0,False,False,6.0,188.59166666666667,Bangalore,,962.8,20.5,323.4,10.0,0.017,9.21,0.85
292,2024-04-11,2024-04-21,2024-04-21,2194.91,Delivered,West,4918.04,0.0,3.0,2.0,10.0,0.0,False,False,10.0,219.49099999999999,Kolkata,Jaipur,,19.2,139.85,3.0,0.051,5.08,0.93
293,2024-10-20,2024-10-30,2024-10-28,,Delayed,South,2960.31,2.0,19.0,11.0,7.0,2.0,True,False,10.0,,Kolkata,Indore,527.6,11.8,166.45,,0.066,,0.92
294,2024-12-10,2024-12-13,2024-12-14,,Delivered,Central,6750.54,-1.0,6.0,4.0,7.0,-1.0,False,True,3.0,,Chennai,Hyderabad,729.8,14.9,323.4,10.0,0.017,,0.92
295,2024-06-11,2024-06-14,2024-06-16,457.07,Delivered,East,996.93,-2.0,15.0,1.0,6.0,-2.0,False,False,3.0,152.35666666666665,Delhi,,282.5,6.3,255.23,7.0,0.079,9.21,0.85
296,2024-10-19,2024-11-01,2024-10-28,2356.07,Delayed,West,4528.51,4.0,4.0,8.0,8.0,4.0,True,False,13.0,181.23615384615385,Delhi,Hyderabad,1256.9,28.1,357.9,10.0,0.044,6.12,0.98
297,2024-08-04,2024-08-14,2024-08-09,2098.52,Delayed,Central,7454.66,5.0,12.0,12.0,7.0,5.0,True,True,10.0,209.852,Chennai,Jaipur,660.3,12.9,190.27,7.0,0.052,,0.92
298,2024-04-16,2024-04-28,2024-04-24,2130.53,Delayed,East,10035.76,4.0,16.0,4.0,1.0,4.0,True,True,12.0,177.54416666666668,Bangalore,Lucknow,631.3,12.0,323.4,10.0,0.017,,0.96
299,2024-12-10,2024-12-15,2024-12-16,397.42,Delivered,West,777.52,-1.0,12.0,9.0,8.0,-1.0,False,False,5.0,79.48400000000001,Chennai,Jaipur,660.3,12.9,104.92,,0.05,6.12,0.98
300,2024-02-17,2024-03-02,2024-02-25,1531.57,Delayed,West,2886.86,6.0,13.0,9.0,2.0,6.0,True,False,14.0,109.39785714285713,Kolkata,,872.6,18.5,104.92,,0.05,,0.75
